<?xml version="1.0" encoding="UTF-8"?>
<addon id="emulator.retroarch"
       name="retroarch"
       version="4.1.0"
       provider-name="dave@dave-sullivan.com">
  <requires>
    <import addon="os.openelec.tv" version="4.0"/>
    <import addon="xbmc.python" version="2.1.0"/>

    <import addon="os.openelec.tv" version="4.0.7" />
    <import addon="xbmc.python" version="2.0" />
  </requires>
  <extension point="xbmc.python.script" library="default.py">
        <provides>game</provides>
  </extension>
  <extension point="xbmc.addon.metadata">
    <summary>Simple multi-emulator frontend based on libretro</summary>
    <description>
Simple multi-emulator frontend based on libretro
    </description>
    <disclaimer>

    </disclaimer>
    <platform>all</platform>
  </extension>
</addon>
